구분,성별,부위,순위,브랜드,아이템명,색상,이미지경로,이미지URL,디테일페이지URL
무신사,,남성_상의,1,파타고니아,멘즈 P-6 로고 리스판서빌리-티 / 38504R5,기본,무신사/남성/상의/01_파타고니아/멘즈 P-6 로고 리스판서빌리-티 _ 38504R5/기본.jpg,https://image.msscdn.net/images/goods_img/20260205/5984529/5984529_17708588233881_500.jpg,https://www.musinsa.com/products/5984529
무신사,,남성_상의,2,디미트리블랙,[10주년기획] © 모두의 수소봉제 반팔 티셔츠 (COOLMAX® 원단)_7 COLOR,피그먼트 차콜,무신사/남성/상의/02_디미트리블랙/[10주년기획] © 모두의 수소봉제 반팔 티셔츠 (COOLMAX® 원단)_7 COLOR/피그먼트 차콜.jpg,https://image.msscdn.net/thumbnails/images/goods/option-value/6238769/20260403170740_option_69cf754ce86e61.70131883.,https://www.musinsa.com/products/6238769
무신사,,남성_상의,2,디미트리블랙,[10주년기획] © 모두의 수소봉제 반팔 티셔츠 (COOLMAX® 원단)_7 COLOR,(오버핏) 피그먼트 차콜,무신사/남성/상의/02_디미트리블랙/[10주년기획] © 모두의 수소봉제 반팔 티셔츠 (COOLMAX® 원단)_7 COLOR/(오버핏) 피그먼트 차콜.jpg,https://image.msscdn.net/thumbnails/images/goods/option-value/6238769/20260612133937_option_6a2b8d89b595c8.91274601.,https://www.musinsa.com/products/6238769
무신사,,남성_상의,2,디미트리블랙,[10주년기획] © 모두의 수소봉제 반팔 티셔츠 (COOLMAX® 원단)_7 COLOR,냉감 ver_화이트,무신사/남성/상의/02_디미트리블랙/[10주년기획] © 모두의 수소봉제 반팔 티셔츠 (COOLMAX® 원단)_7 COLOR/냉감 ver_화이트.jpg,https://image.msscdn.net/thumbnails/images/goods/option-value/6238769/20260403170745_option_69cf755121ab73.40554856.,https://www.musinsa.com/products/6238769
무신사,,남성_상의,2,디미트리블랙,[10주년기획] © 모두의 수소봉제 반팔 티셔츠 (COOLMAX® 원단)_7 COLOR,냉감ver_블랙,무신사/남성/상의/02_디미트리블랙/[10주년기획] © 모두의 수소봉제 반팔 티셔츠 (COOLMAX® 원단)_7 COLOR/냉감ver_블랙.jpg,https://image.msscdn.net/thumbnails/images/goods/option-value/6238769/20260403170749_option_69cf755520ea76.97781762.,https://www.musinsa.com/products/6238769
무신사,,남성_상의,2,디미트리블랙,[10주년기획] © 모두의 수소봉제 반팔 티셔츠 (COOLMAX® 원단)_7 COLOR,냉감ver_오트밀,무신사/남성/상의/02_디미트리블랙/[10주년기획] © 모두의 수소봉제 반팔 티셔츠 (COOLMAX® 원단)_7 COLOR/냉감ver_오트밀.jpg,https://image.msscdn.net/thumbnails/images/goods/option-value/6238769/20260403170752_option_69cf7558351d32.23062405.,https://www.musinsa.com/products/6238769
무신사,,남성_상의,2,디미트리블랙,[10주년기획] © 모두의 수소봉제 반팔 티셔츠 (COOLMAX® 원단)_7 COLOR,냉감ver_버건디,무신사/남성/상의/02_디미트리블랙/[10주년기획] © 모두의 수소봉제 반팔 티셔츠 (COOLMAX® 원단)_7 COLOR/냉감ver_버건디.jpg,https://image.msscdn.net/thumbnails/images/goods/option-value/6238769/20260424160239_option_69eb158fa64911.06121598.,https://www.musinsa.com/products/6238769
무신사,,남성_상의,2,디미트리블랙,[10주년기획] © 모두의 수소봉제 반팔 티셔츠 (COOLMAX® 원단)_7 COLOR,냉감ver_멜란지,무신사/남성/상의/02_디미트리블랙/[10주년기획] © 모두의 수소봉제 반팔 티셔츠 (COOLMAX® 원단)_7 COLOR/냉감ver_멜란지.jpg,https://image.msscdn.net/thumbnails/images/goods/option-value/6238769/20260424160244_option_69eb159416b203.23190507.,https://www.musinsa.com/products/6238769
무신사,,남성_상의,2,디미트리블랙,[10주년기획] © 모두의 수소봉제 반팔 티셔츠 (COOLMAX® 원단)_7 COLOR,냉감ver_세이지,무신사/남성/상의/02_디미트리블랙/[10주년기획] © 모두의 수소봉제 반팔 티셔츠 (COOLMAX® 원단)_7 COLOR/냉감ver_세이지.jpg,https://image.msscdn.net/thumbnails/images/goods/option-value/6238769/20260424160247_option_69eb15975a3976.65137050.,https://www.musinsa.com/products/6238769
무신사,,남성_상의,3,언더오프,롤업 슬리브 크롭 반팔 티셔츠 블랙,기본,무신사/남성/상의/03_언더오프/롤업 슬리브 크롭 반팔 티셔츠 블랙/기본.jpg,https://image.msscdn.net/images/goods_img/20260602/6593921/6593921_17803822944311_500.jpg,https://www.musinsa.com/products/6593921
무신사,,남성_상의,4,디미트리블랙,VLAD 빈티지 ARCH 링거 티셔츠_2 COLOR,피그먼트 차콜,무신사/남성/상의/04_디미트리블랙/VLAD 빈티지 ARCH 링거 티셔츠_2 COLOR/피그먼트 차콜.jpg,https://image.msscdn.net/thumbnails/images/goods/option-value/6197077/20260514121858_option_6a053f22b7c1e2.74523164.,https://www.musinsa.com/products/6197077
무신사,,남성_상의,4,디미트리블랙,VLAD 빈티지 ARCH 링거 티셔츠_2 COLOR,크림,무신사/남성/상의/04_디미트리블랙/VLAD 빈티지 ARCH 링거 티셔츠_2 COLOR/크림.jpg,https://image.msscdn.net/thumbnails/images/goods/option-value/6197077/20260514121900_option_6a053f24eadf79.01211818.,https://www.musinsa.com/products/6197077
무신사,,남성_상의,5,디미트리블랙,바이오워싱 크롭 데님 반팔 셔츠_2 COLOR,더스트 인디고,무신사/남성/상의/05_디미트리블랙/바이오워싱 크롭 데님 반팔 셔츠_2 COLOR/더스트 인디고.jpg,https://image.msscdn.net/thumbnails/images/goods/option-value/6317950/20260429194432_option_69f1e11089cbd3.98282435.,https://www.musinsa.com/products/6317950
무신사,,남성_상의,5,디미트리블랙,바이오워싱 크롭 데님 반팔 셔츠_2 COLOR,빈티지 블랙,무신사/남성/상의/05_디미트리블랙/바이오워싱 크롭 데님 반팔 셔츠_2 COLOR/빈티지 블랙.jpg,https://image.msscdn.net/thumbnails/images/goods/option-value/6317950/20260429194436_option_69f1e114215f12.93402164.,https://www.musinsa.com/products/6317950
무신사,,남성_상의,6,리메인세컨드,잔 스트라이프 오버핏 반팔 티셔츠 [블랙],기본,무신사/남성/상의/06_리메인세컨드/잔 스트라이프 오버핏 반팔 티셔츠 [블랙]/기본.jpg,https://image.msscdn.net/images/prd_img/20251223/5849033/detail_5849033_17799336348233_500.jpg,https://www.musinsa.com/products/5849033
무신사,,남성_상의,7,캘빈클라인 진,인더시티 릴렉스드핏 그래픽 티 화이트 4RF295G YAF,기본,무신사/남성/상의/07_캘빈클라인 진/인더시티 릴렉스드핏 그래픽 티 화이트 4RF295G YAF/기본.jpg,https://image.msscdn.net/images/prd_img/20260227/6064525/detail_6064525_17731055686782_500.jpg,https://www.musinsa.com/products/6064525
무신사,,남성_상의,8,디미트리블랙,배색 레이어드 롤업 반팔 티셔츠_피그먼트 차콜,기본,무신사/남성/상의/08_디미트리블랙/배색 레이어드 롤업 반팔 티셔츠_피그먼트 차콜/기본.jpg,https://image.msscdn.net/images/goods_img/20260520/6520342/6520342_17794356728306_500.jpg,https://www.musinsa.com/products/6520342
무신사,,남성_상의,9,트릴리온,내츄럴 리조트 롤업 하프 셔츠_3color,아이보리,무신사/남성/상의/09_트릴리온/내츄럴 리조트 롤업 하프 셔츠_3color/아이보리.jpg,https://image.msscdn.net/thumbnails/images/goods/option-value/6307599/20260720173610_option_6a5dddfa6c35a6.63762090.,https://www.musinsa.com/products/6307599
무신사,,남성_상의,9,트릴리온,내츄럴 리조트 롤업 하프 셔츠_3color,브라운,무신사/남성/상의/09_트릴리온/내츄럴 리조트 롤업 하프 셔츠_3color/브라운.jpg,https://image.msscdn.net/thumbnails/images/goods/option-value/6307599/20260720173521_option_6a5dddc92970d7.07049884.,https://www.musinsa.com/products/6307599
무신사,,남성_상의,9,트릴리온,내츄럴 리조트 롤업 하프 셔츠_3color,블랙,무신사/남성/상의/09_트릴리온/내츄럴 리조트 롤업 하프 셔츠_3color/블랙.jpg,https://image.msscdn.net/thumbnails/images/goods/option-value/6307599/20260720173700_option_6a5dde2c034cf7.67999309.,https://www.musinsa.com/products/6307599
무신사,,남성_상의,10,데이,크롭 골지 반팔 헨리넥 티셔츠_5 COLOR,기본,무신사/남성/상의/10_데이/크롭 골지 반팔 헨리넥 티셔츠_5 COLOR/기본.jpg,https://image.msscdn.net/images/prd_img/20260518/6497498/detail_6497498_17792494247943_500.jpg,https://www.musinsa.com/products/6497498
무신사,,남성_상의,11,언타이틀 서울,언타이틀 크레스트 폴로 크롭 반팔 블랙,기본,무신사/남성/상의/11_언타이틀 서울/언타이틀 크레스트 폴로 크롭 반팔 블랙/기본.jpg,https://image.msscdn.net/images/prd_img/20260324/6183528/detail_6183528_17782221546511_500.jpg,https://www.musinsa.com/products/6183528
무신사,,남성_상의,12,언더오프,롤업 슬리브 크롭 반팔 티셔츠 버건디,기본,무신사/남성/상의/12_언더오프/롤업 슬리브 크롭 반팔 티셔츠 버건디/기본.jpg,https://image.msscdn.net/images/goods_img/20260602/6593924/6593924_17803822672936_500.jpg,https://www.musinsa.com/products/6593924
무신사,,남성_상의,13,언탭트 스튜디오,시티보이 오버핏 피그먼트 반팔 셔츠 7COLOR,기본,무신사/남성/상의/13_언탭트 스튜디오/시티보이 오버핏 피그먼트 반팔 셔츠 7COLOR/기본.jpg,https://image.msscdn.net/images/goods_img/20260327/6213122/6213122_17745986695364_500.jpg,https://www.musinsa.com/products/6213122
무신사,,남성_상의,14,리메인세컨드,잔 스트라이프 오버핏 반팔 티셔츠 [아이보리],기본,무신사/남성/상의/14_리메인세컨드/잔 스트라이프 오버핏 반팔 티셔츠 [아이보리]/기본.jpg,https://image.msscdn.net/images/prd_img/20251223/5849051/detail_5849051_17799335662653_500.jpg,https://www.musinsa.com/products/5849051
무신사,,남성_상의,15,트릴리온,[기획] 에센셜 CP 이중지 크롭 반팔티_9color,기본,무신사/남성/상의/15_트릴리온/[기획] 에센셜 CP 이중지 크롭 반팔티_9color/기본.jpg,https://image.msscdn.net/images/goods_img/20260317/6148671/6148671_17775271687057_500.jpg,https://www.musinsa.com/products/6148671
무신사,,남성_상의,16,비바라비다,Seastar 링거 반팔 티셔츠,크림(Cream),무신사/남성/상의/16_비바라비다/Seastar 링거 반팔 티셔츠/크림(Cream).jpg,https://image.msscdn.net/thumbnails/images/goods/option-value/6108801/20260312103949_option_69b21965ee7a29.28080971.,https://www.musinsa.com/products/6108801
무신사,,남성_상의,16,비바라비다,Seastar 링거 반팔 티셔츠,멜란지(Melange),무신사/남성/상의/16_비바라비다/Seastar 링거 반팔 티셔츠/멜란지(Melange).jpg,https://image.msscdn.net/thumbnails/images/goods/option-value/6108801/20260312103952_option_69b21968b287a7.42465163.,https://www.musinsa.com/products/6108801
무신사,,남성_상의,16,비바라비다,Seastar 링거 반팔 티셔츠,네이비(Navy),무신사/남성/상의/16_비바라비다/Seastar 링거 반팔 티셔츠/네이비(Navy).jpg,https://image.msscdn.net/thumbnails/images/goods/option-value/6108801/20260312103955_option_69b2196b355b08.26276793.,https://www.musinsa.com/products/6108801
무신사,,남성_상의,16,비바라비다,Seastar 링거 반팔 티셔츠,버건디(Burgundy),무신사/남성/상의/16_비바라비다/Seastar 링거 반팔 티셔츠/버건디(Burgundy).jpg,https://image.msscdn.net/thumbnails/images/goods/option-value/6108801/20260312103957_option_69b2196db58954.97540686.,https://www.musinsa.com/products/6108801
무신사,,남성_상의,16,비바라비다,Seastar 링거 반팔 티셔츠,차콜(Charcoal),무신사/남성/상의/16_비바라비다/Seastar 링거 반팔 티셔츠/차콜(Charcoal).jpg,https://image.msscdn.net/thumbnails/images/goods/option-value/6108801/20260312104000_option_69b21970759c97.19975807.,https://www.musinsa.com/products/6108801
무신사,,남성_상의,17,브라운브레스,PAISLEY TAG TEE - BLACK,기본,무신사/남성/상의/17_브라운브레스/PAISLEY TAG TEE - BLACK/기본.jpg,https://image.msscdn.net/images/goods_img/20260311/6116285/6116285_17742419798326_500.jpg,https://www.musinsa.com/products/6116285
무신사,,남성_상의,18,트릴리온,워셔블 린넨 크롭 헨리넥 반팔 니트_7color,기본,무신사/남성/상의/18_트릴리온/워셔블 린넨 크롭 헨리넥 반팔 니트_7color/기본.jpg,https://image.msscdn.net/images/goods_img/20260331/6230348/6230348_17751300373667_500.jpg,https://www.musinsa.com/products/6230348
무신사,,남성_하의,1,나이키,ACG 하이 스테이크 루즈 핏 하이킹 팬츠 M - 앤트러사이트:서밋 화이트 / IR7308-060,기본,무신사/남성/하의/01_나이키/ACG 하이 스테이크 루즈 핏 하이킹 팬츠 M - 앤트러사이트_서밋 화이트 _ IR7308-060/기본.jpg,https://image.msscdn.net/images/prd_img/20260617/6686222/detail_6686222_17839962871433_500.jpg,https://www.musinsa.com/products/6686222
무신사,,남성_하의,2,디미트리블랙,[여름용] M65 파라슈트 커브드 팬츠_ NC 블랙,기본,무신사/남성/하의/02_디미트리블랙/[여름용] M65 파라슈트 커브드 팬츠_ NC 블랙/기본.jpg,https://image.msscdn.net/images/goods_img/20260204/5982722/5982722_17703419066968_500.jpg,https://www.musinsa.com/products/5982722
무신사,,남성_하의,3,디미트리블랙,[여름용] VLAD 원턱 커브드 트랙 팬츠_립스탑 3 COLOR,블랙,무신사/남성/하의/03_디미트리블랙/[여름용] VLAD 원턱 커브드 트랙 팬츠_립스탑 3 COLOR/블랙.jpg,https://image.msscdn.net/thumbnails/images/goods/option-value/6197079/20260514121807_option_6a053eefbffd17.00694047.,https://www.musinsa.com/products/6197079
무신사,,남성_하의,3,디미트리블랙,[여름용] VLAD 원턱 커브드 트랙 팬츠_립스탑 3 COLOR,브라운,무신사/남성/하의/03_디미트리블랙/[여름용] VLAD 원턱 커브드 트랙 팬츠_립스탑 3 COLOR/브라운.jpg,https://image.msscdn.net/thumbnails/images/goods/option-value/6197079/20260514121815_option_6a053ef7371e76.72617353.,https://www.musinsa.com/products/6197079
무신사,,남성_하의,3,디미트리블랙,[여름용] VLAD 원턱 커브드 트랙 팬츠_립스탑 3 COLOR,올리브 그레이,무신사/남성/하의/03_디미트리블랙/[여름용] VLAD 원턱 커브드 트랙 팬츠_립스탑 3 COLOR/올리브 그레이.jpg,https://image.msscdn.net/thumbnails/images/goods/option-value/6197079/20260514121817_option_6a053ef9cbbbe0.30708588.,https://www.musinsa.com/products/6197079
무신사,,남성_하의,4,트릴리온,[기획] 커브드 밴딩 린넨 팬츠_4color,기본,무신사/남성/하의/04_트릴리온/[기획] 커브드 밴딩 린넨 팬츠_4color/기본.jpg,https://image.msscdn.net/images/goods_img/20260331/6230371/6230371_17846211076037_500.jpg,https://www.musinsa.com/products/6230371
무신사,,남성_하의,5,무신사 스탠다드,커브드 데님 팬츠 (8 colors),01.블랙,무신사/남성/하의/05_무신사 스탠다드/커브드 데님 팬츠 (8 colors)/01.블랙.jpg,https://image.msscdn.net/thumbnails/images/goods/option-value/6078643/20260306173536_option_69aa91d88f3a47.73045184.,https://www.musinsa.com/products/6078643
무신사,,남성_하의,5,무신사 스탠다드,커브드 데님 팬츠 (8 colors),02.딥 인디고,무신사/남성/하의/05_무신사 스탠다드/커브드 데님 팬츠 (8 colors)/02.딥 인디고.jpg,https://image.msscdn.net/thumbnails/images/goods/option-value/6078643/20260306173539_option_69aa91dbcbc349.36296283.,https://www.musinsa.com/products/6078643
무신사,,남성_하의,5,무신사 스탠다드,커브드 데님 팬츠 (8 colors),03.라이트 인디고,무신사/남성/하의/05_무신사 스탠다드/커브드 데님 팬츠 (8 colors)/03.라이트 인디고.jpg,https://image.msscdn.net/thumbnails/images/goods/option-value/6078643/20260306173543_option_69aa91df2759b7.99034435.,https://www.musinsa.com/products/6078643
무신사,,남성_하의,5,무신사 스탠다드,커브드 데님 팬츠 (8 colors),04.크림,무신사/남성/하의/05_무신사 스탠다드/커브드 데님 팬츠 (8 colors)/04.크림.jpg,https://image.msscdn.net/thumbnails/images/goods/option-value/6078643/20260306173546_option_69aa91e2a7fdc7.35210752.,https://www.musinsa.com/products/6078643
무신사,,남성_하의,5,무신사 스탠다드,커브드 데님 팬츠 (8 colors),05.워시드 블랙,무신사/남성/하의/05_무신사 스탠다드/커브드 데님 팬츠 (8 colors)/05.워시드 블랙.jpg,https://image.msscdn.net/thumbnails/images/goods/option-value/6078643/20260709144827_option_6a4f362bdb5f71.26429621.,https://www.musinsa.com/products/6078643
무신사,,남성_하의,5,무신사 스탠다드,커브드 데님 팬츠 (8 colors),06.미디엄 인디고,무신사/남성/하의/05_무신사 스탠다드/커브드 데님 팬츠 (8 colors)/06.미디엄 인디고.jpg,https://image.msscdn.net/thumbnails/images/goods/option-value/6078643/20260709144835_option_6a4f3633d84183.25369686.,https://www.musinsa.com/products/6078643
무신사,,남성_하의,5,무신사 스탠다드,커브드 데님 팬츠 (8 colors),07.그레이,무신사/남성/하의/05_무신사 스탠다드/커브드 데님 팬츠 (8 colors)/07.그레이.jpg,https://image.msscdn.net/thumbnails/images/goods/option-value/6078643/20260709144839_option_6a4f3637dc51b0.77410871.,https://www.musinsa.com/products/6078643
무신사,,남성_하의,5,무신사 스탠다드,커브드 데님 팬츠 (8 colors),08.스카이 블루,무신사/남성/하의/05_무신사 스탠다드/커브드 데님 팬츠 (8 colors)/08.스카이 블루.jpg,https://image.msscdn.net/thumbnails/images/goods/option-value/6078643/20260709144843_option_6a4f363bdf0651.15887129.,https://www.musinsa.com/products/6078643
무신사,,남성_하의,6,비헤비어,DISTRESSED M35 TROUSERS mid blue,기본,무신사/남성/하의/06_비헤비어/DISTRESSED M35 TROUSERS mid blue/기본.jpg,https://image.msscdn.net/images/goods_img/20260128/5949350/5949350_17715015037060_500.png,https://www.musinsa.com/products/5949350
무신사,,남성_하의,7,필프,[PEALP X FIT THE SIZE] WASHED EASY SHORT(CHARCOAL),기본,무신사/남성/하의/07_필프/[PEALP X FIT THE SIZE] WASHED EASY SHORT(CHARCOAL)/기본.jpg,https://image.msscdn.net/images/goods_img/20260708/6805447/6805447_17839168927488_500.jpg,https://www.musinsa.com/products/6805447
무신사,,남성_하의,8,알리스,[NERDKING x ALYSS] 썸머 슬릭 커브드 린넨 라이크 데님 팬츠_3COLOR,기본,무신사/남성/하의/08_알리스/[NERDKING x ALYSS] 썸머 슬릭 커브드 린넨 라이크 데님 팬츠_3COLOR/기본.jpg,https://image.msscdn.net/images/goods_img/20260403/6255590/6255590_17770028747449_500.jpg,https://www.musinsa.com/products/6255590
무신사,,남성_하의,9,알리스,[NERDKING x ALYSS] 썸머 슬릭 커브드 코튼 치노 팬츠_3COLOR,기본,무신사/남성/하의/09_알리스/[NERDKING x ALYSS] 썸머 슬릭 커브드 코튼 치노 팬츠_3COLOR/기본.jpg,https://image.msscdn.net/images/goods_img/20260403/6255589/6255589_17784790672596_500.jpg,https://www.musinsa.com/products/6255589
무신사,,남성_하의,10,언탭트 스튜디오,나일론 카펜터 와이드 벌룬팬츠 4Color,기본,무신사/남성/하의/10_언탭트 스튜디오/나일론 카펜터 와이드 벌룬팬츠 4Color/기본.jpg,https://image.msscdn.net/images/goods_img/20260121/5919266/5919266_17694070824271_500.jpg,https://www.musinsa.com/products/5919266
무신사,,남성_하의,11,아모우,CAMO One Tuck Bermuda Pants Charcoal,기본,무신사/남성/하의/11_아모우/CAMO One Tuck Bermuda Pants Charcoal/기본.jpg,https://image.msscdn.net/images/prd_img/20260319/6164612/detail_6164612_17755273722568_500.jpg,https://www.musinsa.com/products/6164612
무신사,,남성_하의,12,아모우,Horse One Tuck Bermuda Pants Blue,기본,무신사/남성/하의/12_아모우/Horse One Tuck Bermuda Pants Blue/기본.jpg,https://image.msscdn.net/images/prd_img/20260319/6164608/detail_6164608_17755275103611_500.jpg,https://www.musinsa.com/products/6164608
무신사,,남성_하의,13,디미트리블랙,[10주년기획] © 모두의 밴딩 커브드 슬랙스_3 COLOR,스트라이프 차콜,무신사/남성/하의/13_디미트리블랙/[10주년기획] © 모두의 밴딩 커브드 슬랙스_3 COLOR/스트라이프 차콜.jpg,https://image.msscdn.net/thumbnails/images/goods/option-value/5945210/20260602173557_option_6a1e95edbadfa1.13109360.,https://www.musinsa.com/products/5945210
무신사,,남성_하의,13,디미트리블랙,[10주년기획] © 모두의 밴딩 커브드 슬랙스_3 COLOR,블랙,무신사/남성/하의/13_디미트리블랙/[10주년기획] © 모두의 밴딩 커브드 슬랙스_3 COLOR/블랙.jpg,https://image.msscdn.net/thumbnails/images/goods/option-value/5945210/20260602173601_option_6a1e95f1561018.29763747.,https://www.musinsa.com/products/5945210
무신사,,남성_하의,13,디미트리블랙,[10주년기획] © 모두의 밴딩 커브드 슬랙스_3 COLOR,차콜,무신사/남성/하의/13_디미트리블랙/[10주년기획] © 모두의 밴딩 커브드 슬랙스_3 COLOR/차콜.jpg,https://image.msscdn.net/thumbnails/images/goods/option-value/5945210/20260602173605_option_6a1e95f53c1316.01701733.,https://www.musinsa.com/products/5945210
무신사,,남성_하의,14,비긴202,엣지 워크 라보 데님 팬츠 [오션 블랙],기본,무신사/남성/하의/14_비긴202/엣지 워크 라보 데님 팬츠 [오션 블랙]/기본.jpg,https://image.msscdn.net/images/goods_img/20260602/6592348/6592348_17810678576614_500.jpg,https://www.musinsa.com/products/6592348
무신사,,남성_하의,15,디미트리블랙,[여름용] M65 파라슈트 커브드 팬츠_ NC 올리브,기본,무신사/남성/하의/15_디미트리블랙/[여름용] M65 파라슈트 커브드 팬츠_ NC 올리브/기본.jpg,https://image.msscdn.net/images/goods_img/20260204/5982721/5982721_17703418563657_500.jpg,https://www.musinsa.com/products/5982721
무신사,,남성_하의,16,언탭트 스튜디오,라이크 린넨 투턱 와이드 벌룬 데님 밴딩팬츠 4Color,기본,무신사/남성/하의/16_언탭트 스튜디오/라이크 린넨 투턱 와이드 벌룬 데님 밴딩팬츠 4Color/기본.jpg,https://image.msscdn.net/images/goods_img/20260121/5919801/5919801_17700188396680_500.jpg,https://www.musinsa.com/products/5919801
무신사,,남성_하의,17,효지,26 SS 하프 밴딩 세미 커브드 바이오 워시드 코튼 팬츠 (3컬러),블랙,무신사/남성/하의/17_효지/26 SS 하프 밴딩 세미 커브드 바이오 워시드 코튼 팬츠 (3컬러)/블랙.jpg,https://image.msscdn.net/thumbnails/images/goods/option-value/6566696/20260615145321_option_6a2f9351282055.25148229.,https://www.musinsa.com/products/6566696
무신사,,남성_하의,17,효지,26 SS 하프 밴딩 세미 커브드 바이오 워시드 코튼 팬츠 (3컬러),차콜,무신사/남성/하의/17_효지/26 SS 하프 밴딩 세미 커브드 바이오 워시드 코튼 팬츠 (3컬러)/차콜.jpg,https://image.msscdn.net/thumbnails/images/goods/option-value/6566696/20260615145323_option_6a2f935342d895.50305234.,https://www.musinsa.com/products/6566696
무신사,,남성_하의,17,효지,26 SS 하프 밴딩 세미 커브드 바이오 워시드 코튼 팬츠 (3컬러),크림,무신사/남성/하의/17_효지/26 SS 하프 밴딩 세미 커브드 바이오 워시드 코튼 팬츠 (3컬러)/크림.jpg,https://image.msscdn.net/thumbnails/images/goods/option-value/6566696/20260615145325_option_6a2f9355913106.20006303.,https://www.musinsa.com/products/6566696
무신사,,남성_하의,18,파타고니아,멘즈 배기스 쇼츠 - 5인치 / 57022R5,기본,무신사/남성/하의/18_파타고니아/멘즈 배기스 쇼츠 - 5인치 _ 57022R5/기본.jpg,https://image.msscdn.net/images/goods_img/20260220/6033229/6033229_17730264602906_500.jpg,https://www.musinsa.com/products/6033229
무신사,,남성_하의,19,유니온블루,ARCHON TWILL FATIGUE PANTS [BLACK],기본,무신사/남성/하의/19_유니온블루/ARCHON TWILL FATIGUE PANTS [BLACK]/기본.jpg,https://image.msscdn.net/images/goods_img/20260611/6652468/6652468_17816754436039_500.jpg,https://www.musinsa.com/products/6652468
무신사,,남성_하의,20,디미트리블랙,[여름용] ASI 원턱 와이드 플리츠 팬츠_블랙,기본,무신사/남성/하의/20_디미트리블랙/[여름용] ASI 원턱 와이드 플리츠 팬츠_블랙/기본.jpg,https://image.msscdn.net/images/goods_img/20260318/6154426/6154426_17785725680250_500.jpg,https://www.musinsa.com/products/6154426
무신사,,남성_신발,1,크록스,에코 시티 어드벤쳐 클로그 - 엘리펀트 / 213115-1LM,기본,무신사/남성/신발/01_크록스/에코 시티 어드벤쳐 클로그 - 엘리펀트 _ 213115-1LM/기본.jpg,https://image.msscdn.net/images/goods_img/20260504/6415726/6415726_17788140162641_500.jpg,https://www.musinsa.com/products/6415726
무신사,,남성_신발,2,나이키,페가수스 42 M - 화이트:미네랄 슬레이트:하이퍼 핑크:블랙 / IB1873-110,기본,무신사/남성/신발/02_나이키/페가수스 42 M - 화이트_미네랄 슬레이트_하이퍼 핑크_블랙 _ IB1873-110/기본.jpg,https://image.msscdn.net/images/goods_img/20260305/6089128/6089128_17730333618794_500.jpg,https://www.musinsa.com/products/6089128
무신사,,남성_신발,3,컨버스,척 70 X 아머 블루 A24234C,기본,무신사/남성/신발/03_컨버스/척 70 X 아머 블루 A24234C/기본.jpg,https://image.msscdn.net/images/goods_img/20260608/6625402/6625402_17823721252429_500.jpg,https://www.musinsa.com/products/6625402
무신사,,남성_신발,4,푸마,스피드캣 실버 우먼  - 알파인스노우:검 / 406881-02,기본,무신사/남성/신발/04_푸마/스피드캣 실버 우먼 - 알파인스노우_검 _ 406881-02/기본.jpg,https://image.msscdn.net/images/goods_img/20260116/5901706/5901706_17731282178143_500.jpg,https://www.musinsa.com/products/5901706
무신사,,남성_신발,5,닥터마틴,1461 WDS 벡스 - 블랙 / 43033001,기본,무신사/남성/신발/05_닥터마틴/1461 WDS 벡스 - 블랙 _ 43033001/기본.jpg,https://image.msscdn.net/images/goods_img/20260206/5990495/5990495_17703655576636_500.jpg,https://www.musinsa.com/products/5990495
무신사,,남성_신발,6,아식스,GT-2160 - 크림:퓨어실버 / 1203A275-120,기본,무신사/남성/신발/06_아식스/GT-2160 - 크림_퓨어실버 _ 1203A275-120/기본.jpg,https://image.msscdn.net/images/goods_img/20260605/6619542/6619542_17821762733285_500.jpg,https://www.musinsa.com/products/6619542
무신사,,남성_신발,7,아디다스,테렉스 프리하이커 SL 클라이마쿨  - 카본 / KJ0183,기본,무신사/남성/신발/07_아디다스/테렉스 프리하이커 SL 클라이마쿨 - 카본 _ KJ0183/기본.jpg,https://image.msscdn.net/images/goods_img/20260611/6653232/6653232_17816020309509_500.jpg,https://www.musinsa.com/products/6653232
무신사,,남성_신발,8,로맨틱무브,아티잔 셔링 뮬 R26M801 (아이보리스웨이드),기본,무신사/남성/신발/08_로맨틱무브/아티잔 셔링 뮬 R26M801 (아이보리스웨이드)/기본.jpg,https://image.msscdn.net/images/goods_img/20260507/6432662/6432662_17784838023308_500.jpg,https://www.musinsa.com/products/6432662
무신사,,남성_신발,9,크록스,에코 웨이브 - 엘리펀트 / 210521-1LM,기본,무신사/남성/신발/09_크록스/에코 웨이브 - 엘리펀트 _ 210521-1LM/기본.jpg,https://image.msscdn.net/images/goods_img/20260213/6021836/6021836_17732823157261_500.jpg,https://www.musinsa.com/products/6021836
무신사,,남성_신발,10,뉴발란스,NBP7GF701G / U201011N (GRAY),기본,무신사/남성/신발/10_뉴발란스/NBP7GF701G _ U201011N (GRAY)/기본.jpg,https://image.msscdn.net/images/goods_img/20260227/6064027/6064027_17721576833104_500.jpg,https://www.musinsa.com/products/6064027
무신사,,남성_신발,11,무신사 스탠다드,스웨이드 뮬 [토프],기본,무신사/남성/신발/11_무신사 스탠다드/스웨이드 뮬 [토프]/기본.jpg,https://image.msscdn.net/images/prd_img/20260220/6032909/detail_6032909_17764185439716_500.jpg,https://www.musinsa.com/products/6032909
무신사,,남성_신발,12,아디다스,퓨어칠 - 화이트:블랙 / KI0054,기본,무신사/남성/신발/12_아디다스/퓨어칠 - 화이트_블랙 _ KI0054/기본.jpg,https://image.msscdn.net/images/goods_img/20260309/6098050/6098050_17733647550125_500.jpg,https://www.musinsa.com/products/6098050
무신사,,남성_신발,13,피렌체 아뜨리에,[SECOND.A] 스탠다드 라운드토 더비슈즈 2NDF2200GB [BLACK],기본,무신사/남성/신발/13_피렌체 아뜨리에/[SECOND.A] 스탠다드 라운드토 더비슈즈 2NDF2200GB [BLACK]/기본.jpg,https://image.msscdn.net/images/prd_img/20260204/5983275/detail_5983275_17702121734524_500.jpg,https://www.musinsa.com/products/5983275
무신사,,남성_신발,14,크록스,리얼트리 APX 에코 RO 클로그 - 멀티 / 211806-90H,기본,무신사/남성/신발/14_크록스/리얼트리 APX 에코 RO 클로그 - 멀티 _ 211806-90H/기본.jpg,https://image.msscdn.net/images/goods_img/20260213/6025350/6025350_17733806447971_500.jpg,https://www.musinsa.com/products/6025350
무신사,,남성_신발,15,나이키,에어 맥스 95 빅 버블 M - 버건디 크러시:블랙:메탈릭 실버:메탈릭 골드 / IB6830-601,기본,무신사/남성/신발/15_나이키/에어 맥스 95 빅 버블 M - 버건디 크러시_블랙_메탈릭 실버_메탈릭 골드 _ IB6830-601/기본.jpg,https://image.msscdn.net/images/goods_img/20251230/5861188/5861188_17690608450851_500.jpg,https://www.musinsa.com/products/5861188
무신사,,남성_신발,16,바토즈,VTZ Seori_Black,기본,무신사/남성/신발/16_바토즈/VTZ Seori_Black/기본.jpg,https://image.msscdn.net/images/goods_img/20260130/5963591/5963591_17739870986307_500.jpg,https://www.musinsa.com/products/5963591
무신사,,남성_신발,17,온루,[ONRU x kinchi] LITE - 808 / 홀스레더 컴포트 슈즈,기본,무신사/남성/신발/17_온루/[ONRU x kinchi] LITE - 808 _ 홀스레더 컴포트 슈즈/기본.jpg,https://image.msscdn.net/images/goods_img/20260609/6636835/6636835_17810751357590_500.jpg,https://www.musinsa.com/products/6636835
무신사,,남성_신발,18,나이키,에어 포스 1 07 M - 화이트:블랙 / FJ4146-129,기본,무신사/남성/신발/18_나이키/에어 포스 1 07 M - 화이트_블랙 _ FJ4146-129/기본.jpg,https://image.msscdn.net/images/goods_img/20260508/6445818/6445818_17790607902344_500.jpg,https://www.musinsa.com/products/6445818
무신사,,남성_신발,19,아식스,젤-1130 -화이트:레드 / 1203A609-111,기본,무신사/남성/신발/19_아식스/젤-1130 -화이트_레드 _ 1203A609-111/기본.jpg,https://image.msscdn.net/images/goods_img/20260305/6083807/6083807_17743143225689_500.jpg,https://www.musinsa.com/products/6083807
무신사,,남성_신발,20,노스페이스,NS82S66M 화이트라벨 여성 쉘던 메리 제인 BROWN,기본,무신사/남성/신발/20_노스페이스/NS82S66M 화이트라벨 여성 쉘던 메리 제인 BROWN/기본.jpg,https://image.msscdn.net/images/goods_img/20260311/6113949/6113949_17732031118118_500.jpg,https://www.musinsa.com/products/6113949
무신사,,여성_상의,1,브라운브레스,PAISLEY TAG TEE - WHITE,기본,무신사/여성/상의/01_브라운브레스/PAISLEY TAG TEE - WHITE/기본.jpg,https://image.msscdn.net/images/goods_img/20260311/6116290/6116290_17742419581178_500.jpg,https://www.musinsa.com/products/6116290
무신사,,여성_상의,2,아디다스,와플 3S 티 - 원더화이트 / KW7436,기본,무신사/여성/상의/02_아디다스/와플 3S 티 - 원더화이트 _ KW7436/기본.jpg,https://image.msscdn.net/images/goods_img/20260506/6425830/6425830_17803622910797_500.jpg,https://www.musinsa.com/products/6425830
무신사,,여성_상의,3,브라운브레스,PAISLEY TAG TEE - BLACK,기본,무신사/여성/상의/03_브라운브레스/PAISLEY TAG TEE - BLACK/기본.jpg,https://image.msscdn.net/images/goods_img/20260311/6116285/6116285_17742419798326_500.jpg,https://www.musinsa.com/products/6116285
무신사,,여성_상의,4,무신사 스탠다드 우먼,우먼즈 오버사이즈 크링클 실키 셔츠 [화이트],기본,무신사/여성/상의/04_무신사 스탠다드 우먼/우먼즈 오버사이즈 크링클 실키 셔츠 [화이트]/기본.jpg,https://image.msscdn.net/images/prd_img/20251029/5657923/detail_5657923_17755406518803_500.jpg,https://www.musinsa.com/products/5657923
무신사,,여성_상의,5,세컨드솔트,스트랩 레이어드 골지 홀터넥 티셔츠 (말차솔트),기본,무신사/여성/상의/05_세컨드솔트/스트랩 레이어드 골지 홀터넥 티셔츠 (말차솔트)/기본.jpg,https://image.msscdn.net/images/prd_img/20260710/6822844/detail_6822844_17840875764833_500.jpg,https://www.musinsa.com/products/6822844
무신사,,여성_상의,6,팬시클럽,백 크로스 티 (MINT) F26QB073,기본,무신사/여성/상의/06_팬시클럽/백 크로스 티 (MINT) F26QB073/기본.jpg,https://image.msscdn.net/images/prd_img/20260330/6222099/detail_6222099_17752050779187_500.jpg,https://www.musinsa.com/products/6222099
무신사,,여성_상의,7,아디다스,와플 3S 티 - 블랙 / KW7444,기본,무신사/여성/상의/07_아디다스/와플 3S 티 - 블랙 _ KW7444/기본.jpg,https://image.msscdn.net/images/goods_img/20260506/6425832/6425832_17803623495382_500.jpg,https://www.musinsa.com/products/6425832
무신사,,여성_상의,8,탄산마그네슘,홀스 래빗 티셔츠 (블랙/레드),기본,무신사/여성/상의/08_탄산마그네슘/홀스 래빗 티셔츠 (블랙_레드)/기본.jpg,https://image.msscdn.net/images/prd_img/20260506/6427724/detail_6427724_17812265448112_500.jpg,https://www.musinsa.com/products/6427724
무신사,,여성_상의,9,무신사 스탠다드 우먼,우먼즈 오버사이즈 크링클 실키 셔츠 [블루 그레이],기본,무신사/여성/상의/09_무신사 스탠다드 우먼/우먼즈 오버사이즈 크링클 실키 셔츠 [블루 그레이]/기본.jpg,https://image.msscdn.net/images/prd_img/20251029/5657924/detail_5657924_17755406294894_500.jpg,https://www.musinsa.com/products/5657924
무신사,,여성_상의,10,더콜디스트모먼트,TCM alphabet T (lemon),기본,무신사/여성/상의/10_더콜디스트모먼트/TCM alphabet T (lemon)/기본.jpg,https://image.msscdn.net/images/goods_img/20260413/6299492/6299492_17773436428087_500.jpg,https://www.musinsa.com/products/6299492
무신사,,여성_상의,11,스컬프터,Lazy Sleeveless Layered Tee Mint,기본,무신사/여성/상의/11_스컬프터/Lazy Sleeveless Layered Tee Mint/기본.jpg,https://image.msscdn.net/images/prd_img/20260326/6204360/detail_6204360_17755307807676_500.jpg,https://www.musinsa.com/products/6204360
무신사,,여성_상의,12,카이파이,썸머 리듬 반소매 티셔츠 (레몬) K26QB239,기본,무신사/여성/상의/12_카이파이/썸머 리듬 반소매 티셔츠 (레몬) K26QB239/기본.jpg,https://image.msscdn.net/images/prd_img/20260224/6049462/detail_6049462_17744988815318_500.jpg,https://www.musinsa.com/products/6049462
무신사,,여성_상의,13,탄산마그네슘,홀스 래빗 티셔츠 (그레이/레드),기본,무신사/여성/상의/13_탄산마그네슘/홀스 래빗 티셔츠 (그레이_레드)/기본.jpg,https://image.msscdn.net/images/prd_img/20260506/6427712/detail_6427712_17812263719178_500.jpg,https://www.musinsa.com/products/6427712
무신사,,여성_상의,14,비바라비다,Seastar 링거 반팔 티셔츠,크림(Cream),무신사/여성/상의/14_비바라비다/Seastar 링거 반팔 티셔츠/크림(Cream).jpg,https://image.msscdn.net/thumbnails/images/goods/option-value/6108801/20260312103949_option_69b21965ee7a29.28080971.,https://www.musinsa.com/products/6108801
무신사,,여성_상의,14,비바라비다,Seastar 링거 반팔 티셔츠,멜란지(Melange),무신사/여성/상의/14_비바라비다/Seastar 링거 반팔 티셔츠/멜란지(Melange).jpg,https://image.msscdn.net/thumbnails/images/goods/option-value/6108801/20260312103952_option_69b21968b287a7.42465163.,https://www.musinsa.com/products/6108801
무신사,,여성_상의,14,비바라비다,Seastar 링거 반팔 티셔츠,네이비(Navy),무신사/여성/상의/14_비바라비다/Seastar 링거 반팔 티셔츠/네이비(Navy).jpg,https://image.msscdn.net/thumbnails/images/goods/option-value/6108801/20260312103955_option_69b2196b355b08.26276793.,https://www.musinsa.com/products/6108801
무신사,,여성_상의,14,비바라비다,Seastar 링거 반팔 티셔츠,버건디(Burgundy),무신사/여성/상의/14_비바라비다/Seastar 링거 반팔 티셔츠/버건디(Burgundy).jpg,https://image.msscdn.net/thumbnails/images/goods/option-value/6108801/20260312103957_option_69b2196db58954.97540686.,https://www.musinsa.com/products/6108801
무신사,,여성_상의,14,비바라비다,Seastar 링거 반팔 티셔츠,차콜(Charcoal),무신사/여성/상의/14_비바라비다/Seastar 링거 반팔 티셔츠/차콜(Charcoal).jpg,https://image.msscdn.net/thumbnails/images/goods/option-value/6108801/20260312104000_option_69b21970759c97.19975807.,https://www.musinsa.com/products/6108801
무신사,,여성_상의,15,아수라,SUNRISE STUD SLEEVELESS (LIME),기본,무신사/여성/상의/15_아수라/SUNRISE STUD SLEEVELESS (LIME)/기본.jpg,https://image.msscdn.net/images/prd_img/20260408/6279038/detail_6279038_17763283985541_500.jpg,https://www.musinsa.com/products/6279038
무신사,,여성_상의,16,디미트리블랙,[10주년기획] © 모두의 수소봉제 반팔 티셔츠 (COOLMAX® 원단)_7 COLOR,피그먼트 차콜,무신사/여성/상의/16_디미트리블랙/[10주년기획] © 모두의 수소봉제 반팔 티셔츠 (COOLMAX® 원단)_7 COLOR/피그먼트 차콜.jpg,https://image.msscdn.net/thumbnails/images/goods/option-value/6238769/20260403170740_option_69cf754ce86e61.70131883.,https://www.musinsa.com/products/6238769
무신사,,여성_상의,16,디미트리블랙,[10주년기획] © 모두의 수소봉제 반팔 티셔츠 (COOLMAX® 원단)_7 COLOR,(오버핏) 피그먼트 차콜,무신사/여성/상의/16_디미트리블랙/[10주년기획] © 모두의 수소봉제 반팔 티셔츠 (COOLMAX® 원단)_7 COLOR/(오버핏) 피그먼트 차콜.jpg,https://image.msscdn.net/thumbnails/images/goods/option-value/6238769/20260612133937_option_6a2b8d89b595c8.91274601.,https://www.musinsa.com/products/6238769
무신사,,여성_상의,16,디미트리블랙,[10주년기획] © 모두의 수소봉제 반팔 티셔츠 (COOLMAX® 원단)_7 COLOR,냉감 ver_화이트,무신사/여성/상의/16_디미트리블랙/[10주년기획] © 모두의 수소봉제 반팔 티셔츠 (COOLMAX® 원단)_7 COLOR/냉감 ver_화이트.jpg,https://image.msscdn.net/thumbnails/images/goods/option-value/6238769/20260403170745_option_69cf755121ab73.40554856.,https://www.musinsa.com/products/6238769
무신사,,여성_상의,16,디미트리블랙,[10주년기획] © 모두의 수소봉제 반팔 티셔츠 (COOLMAX® 원단)_7 COLOR,냉감ver_블랙,무신사/여성/상의/16_디미트리블랙/[10주년기획] © 모두의 수소봉제 반팔 티셔츠 (COOLMAX® 원단)_7 COLOR/냉감ver_블랙.jpg,https://image.msscdn.net/thumbnails/images/goods/option-value/6238769/20260403170749_option_69cf755520ea76.97781762.,https://www.musinsa.com/products/6238769
무신사,,여성_상의,16,디미트리블랙,[10주년기획] © 모두의 수소봉제 반팔 티셔츠 (COOLMAX® 원단)_7 COLOR,냉감ver_오트밀,무신사/여성/상의/16_디미트리블랙/[10주년기획] © 모두의 수소봉제 반팔 티셔츠 (COOLMAX® 원단)_7 COLOR/냉감ver_오트밀.jpg,https://image.msscdn.net/thumbnails/images/goods/option-value/6238769/20260403170752_option_69cf7558351d32.23062405.,https://www.musinsa.com/products/6238769
무신사,,여성_상의,16,디미트리블랙,[10주년기획] © 모두의 수소봉제 반팔 티셔츠 (COOLMAX® 원단)_7 COLOR,냉감ver_버건디,무신사/여성/상의/16_디미트리블랙/[10주년기획] © 모두의 수소봉제 반팔 티셔츠 (COOLMAX® 원단)_7 COLOR/냉감ver_버건디.jpg,https://image.msscdn.net/thumbnails/images/goods/option-value/6238769/20260424160239_option_69eb158fa64911.06121598.,https://www.musinsa.com/products/6238769
무신사,,여성_상의,16,디미트리블랙,[10주년기획] © 모두의 수소봉제 반팔 티셔츠 (COOLMAX® 원단)_7 COLOR,냉감ver_멜란지,무신사/여성/상의/16_디미트리블랙/[10주년기획] © 모두의 수소봉제 반팔 티셔츠 (COOLMAX® 원단)_7 COLOR/냉감ver_멜란지.jpg,https://image.msscdn.net/thumbnails/images/goods/option-value/6238769/20260424160244_option_69eb159416b203.23190507.,https://www.musinsa.com/products/6238769
무신사,,여성_상의,16,디미트리블랙,[10주년기획] © 모두의 수소봉제 반팔 티셔츠 (COOLMAX® 원단)_7 COLOR,냉감ver_세이지,무신사/여성/상의/16_디미트리블랙/[10주년기획] © 모두의 수소봉제 반팔 티셔츠 (COOLMAX® 원단)_7 COLOR/냉감ver_세이지.jpg,https://image.msscdn.net/thumbnails/images/goods/option-value/6238769/20260424160247_option_69eb15975a3976.65137050.,https://www.musinsa.com/products/6238769
무신사,,여성_상의,17,길라아카이브,USA LOGO V NECK LONG SLEEVE_GREY,기본,무신사/여성/상의/17_길라아카이브/USA LOGO V NECK LONG SLEEVE_GREY/기본.jpg,https://image.msscdn.net/images/prd_img/20260209/6000058/detail_6000058_17727932076474_500.jpg,https://www.musinsa.com/products/6000058
무신사,,여성_상의,18,배드블러드,델타 유틸리티 져지 1/2 폴로 - 블랙,기본,무신사/여성/상의/18_배드블러드/델타 유틸리티 져지 1_2 폴로 - 블랙/기본.jpg,https://image.msscdn.net/images/goods_img/20260612/6663446/6663446_17816781317522_500.jpg,https://www.musinsa.com/products/6663446
무신사,,여성_상의,19,미세키서울,Double button shirts top CHARCOAL,기본,무신사/여성/상의/19_미세키서울/Double button shirts top CHARCOAL/기본.jpg,https://image.msscdn.net/images/prd_img/20260114/5895484/detail_5895484_17733041366486_500.jpg,https://www.musinsa.com/products/5895484
무신사,,여성_상의,20,언타이틀 서울,유니콘 헨리넥 크롭 반팔 블랙,기본,무신사/여성/상의/20_언타이틀 서울/유니콘 헨리넥 크롭 반팔 블랙/기본.jpg,https://image.msscdn.net/images/prd_img/20260428/6388764/detail_6388764_17784836458415_500.jpg,https://www.musinsa.com/products/6388764
무신사,,여성_하의,1,이투둘,LAYERED DENIM 003 (BLUE),기본,무신사/여성/하의/01_이투둘/LAYERED DENIM 003 (BLUE)/기본.jpg,https://image.msscdn.net/images/goods_img/20260607/6622018/6622018_17809206822034_500.jpg,https://www.musinsa.com/products/6622018
무신사,,여성_하의,2,디미트리블랙,[여름용] VLAD 원턱 커브드 트랙 팬츠_립스탑 3 COLOR,블랙,무신사/여성/하의/02_디미트리블랙/[여름용] VLAD 원턱 커브드 트랙 팬츠_립스탑 3 COLOR/블랙.jpg,https://image.msscdn.net/thumbnails/images/goods/option-value/6197079/20260514121807_option_6a053eefbffd17.00694047.,https://www.musinsa.com/products/6197079
무신사,,여성_하의,2,디미트리블랙,[여름용] VLAD 원턱 커브드 트랙 팬츠_립스탑 3 COLOR,브라운,무신사/여성/하의/02_디미트리블랙/[여름용] VLAD 원턱 커브드 트랙 팬츠_립스탑 3 COLOR/브라운.jpg,https://image.msscdn.net/thumbnails/images/goods/option-value/6197079/20260514121815_option_6a053ef7371e76.72617353.,https://www.musinsa.com/products/6197079
무신사,,여성_하의,2,디미트리블랙,[여름용] VLAD 원턱 커브드 트랙 팬츠_립스탑 3 COLOR,올리브 그레이,무신사/여성/하의/02_디미트리블랙/[여름용] VLAD 원턱 커브드 트랙 팬츠_립스탑 3 COLOR/올리브 그레이.jpg,https://image.msscdn.net/thumbnails/images/goods/option-value/6197079/20260514121817_option_6a053ef9cbbbe0.30708588.,https://www.musinsa.com/products/6197079
무신사,,여성_하의,3,미쏘,커브드 밴딩 팬츠_MIWTMG36SS MIWTMG50QB MIWTMG80QC,기본,무신사/여성/하의/03_미쏘/커브드 밴딩 팬츠_MIWTMG36SS MIWTMG50QB MIWTMG80QC/기본.jpg,https://image.msscdn.net/images/prd_img/20260224/6047357/detail_6047357_17749396477567_500.jpg,https://www.musinsa.com/products/6047357
무신사,,여성_하의,4,투머치택스,레오 와플 팬츠 틸,기본,무신사/여성/하의/04_투머치택스/레오 와플 팬츠 틸/기본.jpg,https://image.msscdn.net/images/goods_img/20260407/6271023/6271023_17755489888174_500.jpg,https://www.musinsa.com/products/6271023
무신사,,여성_하의,5,스웨이드,SUGARLAND SWEAT PANTS [BLUE],기본,무신사/여성/하의/05_스웨이드/SUGARLAND SWEAT PANTS [BLUE]/기본.jpg,https://image.msscdn.net/images/prd_img/20260519/6506580/detail_6506580_17793298262486_500.jpg,https://www.musinsa.com/products/6506580
무신사,,여성_하의,6,디미트리블랙,[여름용] M65 파라슈트 커브드 팬츠_ NC 블랙,기본,무신사/여성/하의/06_디미트리블랙/[여름용] M65 파라슈트 커브드 팬츠_ NC 블랙/기본.jpg,https://image.msscdn.net/images/goods_img/20260204/5982722/5982722_17703419066968_500.jpg,https://www.musinsa.com/products/5982722
무신사,,여성_하의,7,무신사 스탠다드 우먼,우먼즈 커브드 데님 팬츠 [라이트 인디고],기본,무신사/여성/하의/07_무신사 스탠다드 우먼/우먼즈 커브드 데님 팬츠 [라이트 인디고]/기본.jpg,https://image.msscdn.net/images/prd_img/20260114/5892071/detail_5892071_17727707973130_500.jpg,https://www.musinsa.com/products/5892071
무신사,,여성_하의,8,미드나잇 무브,2 belt shorts (black),기본,무신사/여성/하의/08_미드나잇 무브/2 belt shorts (black)/기본.jpg,https://image.msscdn.net/images/goods_img/20260428/6395407/6395407_17773828633105_500.jpg,https://www.musinsa.com/products/6395407
무신사,,여성_하의,9,뉴발란스,NBNTG3W612 / WOMEN FROZEN 우븐 스트레치 풀밴딩 와이드팬츠 (BLACK),기본,무신사/여성/하의/09_뉴발란스/NBNTG3W612 _ WOMEN FROZEN 우븐 스트레치 풀밴딩 와이드팬츠 (BLACK)/기본.jpg,https://image.msscdn.net/images/goods_img/20260417/6329759/6329759_17764028823285_500.jpg,https://www.musinsa.com/products/6329759
무신사,,여성_하의,11,브라운브레스,TAG TUCK SWEAT SHORTS - BLACK,기본,무신사/여성/하의/11_브라운브레스/TAG TUCK SWEAT SHORTS - BLACK/기본.jpg,https://image.msscdn.net/images/goods_img/20260202/5968245/5968245_17737946430902_500.jpg,https://www.musinsa.com/products/5968245
무신사,,여성_하의,13,무신사 스탠다드 우먼,우먼즈 코튼 커브드 팬츠 (5 colors),01.블랙,무신사/여성/하의/13_무신사 스탠다드 우먼/우먼즈 코튼 커브드 팬츠 (5 colors)/01.블랙.jpg,https://image.msscdn.net/thumbnails/images/goods/option-value/6092187/20260715173844_option_6a574714403ae7.91476678.,https://www.musinsa.com/products/6092187
무신사,,여성_하의,13,무신사 스탠다드 우먼,우먼즈 코튼 커브드 팬츠 (5 colors),02.크림,무신사/여성/하의/13_무신사 스탠다드 우먼/우먼즈 코튼 커브드 팬츠 (5 colors)/02.크림.jpg,https://image.msscdn.net/thumbnails/images/goods/option-value/6092187/20260715173849_option_6a5747197b76f5.66866727.,https://www.musinsa.com/products/6092187
무신사,,여성_하의,13,무신사 스탠다드 우먼,우먼즈 코튼 커브드 팬츠 (5 colors),03.베이지,무신사/여성/하의/13_무신사 스탠다드 우먼/우먼즈 코튼 커브드 팬츠 (5 colors)/03.베이지.jpg,https://image.msscdn.net/thumbnails/images/goods/option-value/6092187/20260715173854_option_6a57471e28c048.16110148.,https://www.musinsa.com/products/6092187
무신사,,여성_하의,13,무신사 스탠다드 우먼,우먼즈 코튼 커브드 팬츠 (5 colors),04.그레이,무신사/여성/하의/13_무신사 스탠다드 우먼/우먼즈 코튼 커브드 팬츠 (5 colors)/04.그레이.jpg,https://image.msscdn.net/thumbnails/images/goods/option-value/6092187/20260715172614_option_6a5744263fff77.78858019.,https://www.musinsa.com/products/6092187
무신사,,여성_하의,13,무신사 스탠다드 우먼,우먼즈 코튼 커브드 팬츠 (5 colors),05.브라운,무신사/여성/하의/13_무신사 스탠다드 우먼/우먼즈 코튼 커브드 팬츠 (5 colors)/05.브라운.jpg,https://image.msscdn.net/thumbnails/images/goods/option-value/6092187/20260715172619_option_6a57442b0a89f9.47939463.,https://www.musinsa.com/products/6092187
무신사,,여성_하의,14,이투둘,LAYERED DENIM 003 (BLACK),기본,무신사/여성/하의/14_이투둘/LAYERED DENIM 003 (BLACK)/기본.jpg,https://image.msscdn.net/images/goods_img/20260607/6622016/6622016_17809237178213_500.jpg,https://www.musinsa.com/products/6622016
무신사,,여성_하의,15,젝시믹스,[2PACK] V업 3D 플러스 부츠컷 레깅스 XFL2LL1501,기본,무신사/여성/하의/15_젝시믹스/[2PACK] V업 3D 플러스 부츠컷 레깅스 XFL2LL1501/기본.jpg,https://image.msscdn.net/images/goods_img/20260604/6608834/6608834_17806248255492_500.jpg,https://www.musinsa.com/products/6608834
무신사,,여성_하의,16,아디다스,에센셜 3-스트라이프 라이프스타일 우븐 숏 팬츠 - 블랙:화이트 / JE1309,기본,무신사/여성/하의/16_아디다스/에센셜 3-스트라이프 라이프스타일 우븐 숏 팬츠 - 블랙_화이트 _ JE1309/기본.jpg,https://image.msscdn.net/images/goods_img/20260520/6518215/6518215_17793514998108_500.jpg,https://www.musinsa.com/products/6518215
무신사,,여성_하의,17,트래블,백 프린팅 카고 트윌 쇼츠 차콜,기본,무신사/여성/하의/17_트래블/백 프린팅 카고 트윌 쇼츠 차콜/기본.jpg,https://image.msscdn.net/images/goods_img/20260326/6204815/6204815_17751092522018_500.jpg,https://www.musinsa.com/products/6204815
무신사,,여성_하의,18,아틀리에 나인,TUCK CURVED STRIPE DENIM PATNS (PT-5769),더스트 스카이,무신사/여성/하의/18_아틀리에 나인/TUCK CURVED STRIPE DENIM PATNS (PT-5769)/더스트 스카이.jpg,https://image.msscdn.net/thumbnails/images/goods/option-value/6173668/20260701153138_option_6a44b44a64c306.37443395.,https://www.musinsa.com/products/6173668
무신사,,여성_하의,18,아틀리에 나인,TUCK CURVED STRIPE DENIM PATNS (PT-5769),블랙,무신사/여성/하의/18_아틀리에 나인/TUCK CURVED STRIPE DENIM PATNS (PT-5769)/블랙.jpg,https://image.msscdn.net/thumbnails/images/goods/option-value/6173668/20260701153023_option_6a44b3ff041ca8.90749792.,https://www.musinsa.com/products/6173668
무신사,,여성_하의,19,아디다스,파이어버드 아딜레늄 트랙 팬츠 - 블랙:화이트 / KD2914,기본,무신사/여성/하의/19_아디다스/파이어버드 아딜레늄 트랙 팬츠 - 블랙_화이트 _ KD2914/기본.jpg,https://image.msscdn.net/images/goods_img/20260312/6120781/6120781_17733005936814_500.jpg,https://www.musinsa.com/products/6120781
무신사,,여성_신발,1,크록스,클래식 발레 - 블랙 / 211994-001,기본,무신사/여성/신발/01_크록스/클래식 발레 - 블랙 _ 211994-001/기본.jpg,https://image.msscdn.net/images/goods_img/20260213/6025352/6025352_17732828410110_500.jpg,https://www.musinsa.com/products/6025352
무신사,,여성_신발,2,크록스,클래식 발레 - 콰츠 / 211994-6UR,기본,무신사/여성/신발/02_크록스/클래식 발레 - 콰츠 _ 211994-6UR/기본.jpg,https://image.msscdn.net/images/goods_img/20260213/6025353/6025353_17732828779961_500.jpg,https://www.musinsa.com/products/6025353
무신사,,여성_신발,3,크록스,에코 시티 어드벤쳐 클로그 - 엘리펀트 / 213115-1LM,기본,무신사/여성/신발/03_크록스/에코 시티 어드벤쳐 클로그 - 엘리펀트 _ 213115-1LM/기본.jpg,https://image.msscdn.net/images/goods_img/20260504/6415726/6415726_17788140162641_500.jpg,https://www.musinsa.com/products/6415726
무신사,,여성_신발,4,푸마,메모리아 샌들 - 블랙:실버 / 406430-01,기본,무신사/여성/신발/04_푸마/메모리아 샌들 - 블랙_실버 _ 406430-01/기본.jpg,https://image.msscdn.net/images/goods_img/20260126/5934745/5934745_17787384413838_500.png,https://www.musinsa.com/products/5934745
무신사,,여성_신발,5,락피쉬웨더웨어,GLAIR STRAPPY SANDALS - CLEAR STAR,기본,무신사/여성/신발/05_락피쉬웨더웨어/GLAIR STRAPPY SANDALS - CLEAR STAR/기본.jpg,https://image.msscdn.net/images/goods_img/20260414/6307393/6307393_17769485128375_500.jpg,https://www.musinsa.com/products/6307393
무신사,,여성_신발,6,락피쉬웨더웨어,ZANE X-STRAP SNEAKERS V2 - 6 colors,기본,무신사/여성/신발/06_락피쉬웨더웨어/ZANE X-STRAP SNEAKERS V2 - 6 colors/기본.jpg,https://image.msscdn.net/images/goods_img/20260114/5892455/5892455_17803800490278_500.jpg,https://www.musinsa.com/products/5892455
무신사,,여성_신발,7,푸마,메모리아 샌들 - 실버:페더그레이 / 406430-02,기본,무신사/여성/신발/07_푸마/메모리아 샌들 - 실버_페더그레이 _ 406430-02/기본.jpg,https://image.msscdn.net/images/goods_img/20260126/5934746/5934746_17787384073603_500.png,https://www.musinsa.com/products/5934746
무신사,,여성_신발,8,닥터마틴,1461 WDS 벡스 - 블랙 / 43033001,기본,무신사/여성/신발/08_닥터마틴/1461 WDS 벡스 - 블랙 _ 43033001/기본.jpg,https://image.msscdn.net/images/goods_img/20260206/5990495/5990495_17703655576636_500.jpg,https://www.musinsa.com/products/5990495
무신사,,여성_신발,9,락피쉬웨더웨어,BANDING BALLET FLATS - 4 colors,기본,무신사/여성/신발/09_락피쉬웨더웨어/BANDING BALLET FLATS - 4 colors/기본.jpg,https://image.msscdn.net/images/goods_img/20260114/5892437/5892437_17815077905528_500.jpg,https://www.musinsa.com/products/5892437
무신사,,여성_신발,10,킨,(W) 코나 플립 TG Black,기본,무신사/여성/신발/10_킨/(W) 코나 플립 TG Black/기본.jpg,https://image.msscdn.net/images/goods_img/20260325/6191433/6191433_17830515393924_500.jpg,https://www.musinsa.com/products/6191433
무신사,,여성_신발,11,우포스,[OOriginal] 진한 핑크 남여공용 플립플랍,기본,무신사/여성/신발/11_우포스/[OOriginal] 진한 핑크 남여공용 플립플랍/기본.jpg,https://image.msscdn.net/images/goods_img/20260220/6034772/6034772_17715584873645_500.jpg,https://www.musinsa.com/products/6034772
무신사,,여성_신발,12,아카이브앱크,Formica core sneakers(Mesh grey)_OK1DX26052GRY,기본,무신사/여성/신발/12_아카이브앱크/Formica core sneakers(Mesh grey)_OK1DX26052GRY/기본.jpg,https://image.msscdn.net/images/goods_img/20260310/6104321/6104321_17736508227810_500.jpg,https://www.musinsa.com/products/6104321
무신사,,여성_신발,13,아디다스,삼바 OG - 화이트:카본 / IH4003,기본,무신사/여성/신발/13_아디다스/삼바 OG - 화이트_카본 _ IH4003/기본.jpg,https://image.msscdn.net/images/goods_img/20260427/6381689/6381689_17772806492415_500.jpg,https://www.musinsa.com/products/6381689
무신사,,여성_신발,14,아디다스,도쿄 - 블랙:화이트 / JQ0598,기본,무신사/여성/신발/14_아디다스/도쿄 - 블랙_화이트 _ JQ0598/기본.jpg,https://image.msscdn.net/images/goods_img/20260424/6371071/6371071_17772581869738_500.jpg,https://www.musinsa.com/products/6371071
무신사,,여성_신발,15,푸마,디비에이트 나이트로 4 W(31212408),기본,무신사/여성/신발/15_푸마/디비에이트 나이트로 4 W(31212408)/기본.jpg,https://image.msscdn.net/images/goods_img/20260402/6244221/6244221_17751089372856_500.jpg,https://www.musinsa.com/products/6244221
무신사,,여성_신발,16,아디다스,아딜렛 클로그 2.0 - 블랙:화이트 / JQ8058,기본,무신사/여성/신발/16_아디다스/아딜렛 클로그 2.0 - 블랙_화이트 _ JQ8058/기본.jpg,https://image.msscdn.net/images/goods_img/20260610/6643053/6643053_17812212020448_500.jpg,https://www.musinsa.com/products/6643053
무신사,,여성_신발,17,호카,(여성) 아라히 8 와이드 - 화이트:화이트 / 1168711-WWH,기본,무신사/여성/신발/17_호카/(여성) 아라히 8 와이드 - 화이트_화이트 _ 1168711-WWH/기본.jpg,https://image.msscdn.net/images/goods_img/20260514/6477857/6477857_17805308278766_500.jpg,https://www.musinsa.com/products/6477857
무신사,,여성_신발,18,엘리자베스 스튜어트,썸머 웨지 쪼리 플립 플랍 EBAL165342,블랙,무신사/여성/신발/18_엘리자베스 스튜어트/썸머 웨지 쪼리 플립 플랍 EBAL165342/블랙.jpg,https://image.msscdn.net/thumbnails/images/goods/option-value/6468004/20260720165326_option_6a5dd3f6bb49d8.06152020.,https://www.musinsa.com/products/6468004
무신사,,여성_신발,18,엘리자베스 스튜어트,썸머 웨지 쪼리 플립 플랍 EBAL165342,실버,무신사/여성/신발/18_엘리자베스 스튜어트/썸머 웨지 쪼리 플립 플랍 EBAL165342/실버.jpg,https://image.msscdn.net/thumbnails/images/goods/option-value/6468004/20260720165329_option_6a5dd3f99e10c7.89897351.,https://www.musinsa.com/products/6468004
무신사,,여성_신발,18,엘리자베스 스튜어트,썸머 웨지 쪼리 플립 플랍 EBAL165342,아이보리,무신사/여성/신발/18_엘리자베스 스튜어트/썸머 웨지 쪼리 플립 플랍 EBAL165342/아이보리.jpg,https://image.msscdn.net/thumbnails/images/goods/option-value/6468004/20260720165332_option_6a5dd3fc545f13.25735778.,https://www.musinsa.com/products/6468004
무신사,,여성_신발,18,엘리자베스 스튜어트,썸머 웨지 쪼리 플립 플랍 EBAL165342,레드,무신사/여성/신발/18_엘리자베스 스튜어트/썸머 웨지 쪼리 플립 플랍 EBAL165342/레드.jpg,https://image.msscdn.net/thumbnails/images/goods/option-value/6468004/20260720165336_option_6a5dd4000db4b0.14906560.,https://www.musinsa.com/products/6468004
무신사,,여성_신발,19,나이키,마리나 W - 블랙:화이트 / IH2381-001,기본,무신사/여성/신발/19_나이키/마리나 W - 블랙_화이트 _ IH2381-001/기본.jpg,https://image.msscdn.net/images/goods_img/20260410/6294063/6294063_17768263830585_500.jpg,https://www.musinsa.com/products/6294063
무신사,,여성_신발,20,메종 마르지엘라,뉴 타비 발레리나 플랫 슈즈 - 블랙 / S58WZ0127P3753T8013,기본,무신사/여성/신발/20_메종 마르지엘라/뉴 타비 발레리나 플랫 슈즈 - 블랙 _ S58WZ0127P3753T8013/기본.jpg,https://image.msscdn.net/images/goods_img/20260611/6653969/6653969_17824496459777_500.jpg,https://www.musinsa.com/products/6653969